{"stats":{"minecraft:picked_up":{"minecraft:pink_petals":1,"minecraft:magma_block":3,"minecraft:crimson_stem":195,"minecraft:leather":3,"minecraft:warped_wart_block":1,"minecraft:quartz":40,"minecraft:porkchop":9,"minecraft:nether_wart_block":17,"minecraft:weeping_vines":5,"minecraft:shroomlight":16,"minecraft:gold_nugget":74,"minecraft:warped_stem":20,"minecraft:netherrack":104,"minecraft:oak_planks":1,"minecraft:crimson_roots":14},"minecraft:broken":{"minecraft:iron_axe":1},"minecraft:killed":{"minecraft:hoglin":2},"minecraft:custom":{"minecraft:time_since_rest":36896,"minecraft:interact_with_furnace":13,"minecraft:sprint_one_cm":112988,"minecraft:damage_taken":692,"minecraft:walk_one_cm":190663,"minecraft:mob_kills":2,"minecraft:drop":1,"minecraft:inspect_hopper":2,"minecraft:damage_dealt":1031,"minecraft:swim_one_cm":19823,"minecraft:interact_with_crafting_table":6,"minecraft:fly_one_cm":58201,"minecraft:open_chest":76,"minecraft:crouch_one_cm":8998,"minecraft:play_time":57208,"minecraft:sneak_time":3083,"minecraft:walk_under_water_one_cm":2511,"minecraft:jump":673,"minecraft:leave_game":1,"minecraft:walk_on_water_one_cm":5622,"minecraft:time_since_death":57208,"minecraft:climb_one_cm":105,"minecraft:sleep_in_bed":2,"minecraft:total_world_time":57208,"minecraft:fall_one_cm":15180},"minecraft:dropped":{"minecraft:magma_block":3},"minecraft:used":{"minecraft:iron_axe":249,"minecraft:oak_planks":1,"minecraft:iron_pickaxe":203,"minecraft:iron_helmet":1,"minecraft:iron_sword":45,"minecraft:iron_boots":1,"minecraft:netherrack":62,"minecraft:iron_chestplate":1,"minecraft:pink_petals":1,"minecraft:nether_wart_block":14,"minecraft:cooked_beef":7,"minecraft:iron_leggings":1},"minecraft:mined":{"minecraft:pink_petals":1,"minecraft:nether_gold_ore":18,"minecraft:weeping_vines_plant":5,"minecraft:magma_block":3,"minecraft:nether_wart_block":18,"minecraft:crimson_nylium":38,"minecraft:shroomlight":18,"minecraft:crimson_roots":3,"minecraft:weeping_vines":2,"minecraft:warped_stem":21,"minecraft:nether_quartz_ore":41,"minecraft:netherrack":74,"minecraft:crimson_stem":201,"minecraft:warped_wart_block":1},"minecraft:crafted":{"minecraft:iron_boots":1,"minecraft:iron_chestplate":1,"minecraft:iron_axe":1,"minecraft:stick":8,"minecraft:iron_helmet":1,"minecraft:iron_pickaxe":2,"minecraft:iron_sword":1,"minecraft:gold_ingot":3,"minecraft:iron_leggings":1,"minecraft:golden_helmet":1}},"DataVersion":3839}