{"stats":{"minecraft:mined":{"minecraft:cherry_pressure_plate":5,"minecraft:oak_sapling":1,"minecraft:farmland":3,"minecraft:cherry_log":345,"minecraft:jungle_leaves":1,"minecraft:granite":19,"minecraft:budding_amethyst":7,"minecraft:acacia_log":100,"minecraft:grass_block":965,"minecraft:chiseled_stone_bricks":12,"minecraft:cobbled_deepslate":11,"minecraft:fire":21,"minecraft:iron_ore":128,"minecraft:pumpkin":26,"minecraft:deepslate_lapis_ore":2,"minecraft:dirt_path":15,"minecraft:birch_wall_sign":10,"minecraft:deepslate_redstone_ore":42,"minecraft:melon_stem":7,"minecraft:amethyst_cluster":6,"minecraft:torch":91,"minecraft:calcite":153,"minecraft:poppy":1,"minecraft:melon":3,"minecraft:chest":45,"minecraft:dead_bush":20,"minecraft:glass":14,"minecraft:cobblestone":58,"minecraft:wall_torch":79,"minecraft:amethyst_block":148,"minecraft:pink_petals":170,"minecraft:cherry_fence":21,"minecraft:birch_log":166,"minecraft:wheat":558,"minecraft:cherry_door":3,"minecraft:oak_log":52,"minecraft:cherry_button":2,"minecraft:acacia_fence":93,"minecraft:sand":291,"minecraft:dirt":758,"minecraft:smooth_basalt":31,"minecraft:stonecutter":1,"minecraft:oak_leaves":15,"minecraft:deepslate":437,"minecraft:tuff":21,"minecraft:deepslate_diamond_ore":6,"minecraft:cherry_sapling":42,"minecraft:stripped_cherry_log":95,"minecraft:glow_lichen":2,"minecraft:ladder":12,"minecraft:acacia_slab":16,"minecraft:sandstone":3,"minecraft:furnace":10,"minecraft:andesite":32,"minecraft:peony":6,"minecraft:deepslate_iron_ore":12,"minecraft:vine":1,"minecraft:lantern":17,"minecraft:stripped_acacia_log":4,"minecraft:stripped_oak_log":4,"minecraft:bamboo":2,"minecraft:stone":734,"minecraft:cherry_stairs":80,"minecraft:brain_coral":1,"minecraft:birch_stairs":138,"minecraft:acacia_leaves":16,"minecraft:cherry_planks":22,"minecraft:dandelion":1,"minecraft:crafting_table":9,"minecraft:short_grass":517,"minecraft:rose_bush":11,"minecraft:tall_grass":61,"minecraft:copper_ore":4,"minecraft:lapis_ore":1,"minecraft:deepslate_gold_ore":40,"minecraft:diorite":46,"minecraft:birch_planks":2,"minecraft:cactus":4,"minecraft:acacia_fence_gate":2,"minecraft:birch_leaves":12,"minecraft:coal_ore":436,"minecraft:cherry_leaves":318,"minecraft:gravel":96,"minecraft:acacia_planks":2,"minecraft:gold_ore":7,"minecraft:fern":35},"minecraft:killed_by":{"minecraft:zombie":3},"minecraft:broken":{"minecraft:iron_shovel":7,"minecraft:shears":1,"minecraft:stone_pickaxe":1,"minecraft:stone_axe":1,"minecraft:stone_shovel":1,"minecraft:stone_hoe":1,"minecraft:wooden_pickaxe":1,"minecraft:iron_axe":5,"minecraft:iron_pickaxe":9},"minecraft:crafted":{"minecraft:oak_planks":204,"minecraft:cherry_pressure_plate":4,"minecraft:cooked_chicken":12,"minecraft:cherry_boat":1,"minecraft:stone":233,"minecraft:cooked_mutton":40,"minecraft:glass":268,"minecraft:bow":3,"minecraft:chest":50,"minecraft:oak_button":1,"minecraft:acacia_fence":48,"minecraft:chiseled_stone_bricks":72,"minecraft:cherry_fence":81,"minecraft:cooked_rabbit":1,"minecraft:pink_stained_glass":32,"minecraft:deepslate":1,"minecraft:cooked_porkchop":35,"minecraft:crafting_table":8,"minecraft:wooden_pickaxe":1,"minecraft:cherry_button":2,"minecraft:copper_ingot":15,"minecraft:birch_planks":660,"minecraft:shield":1,"minecraft:stick":328,"minecraft:iron_ingot":179,"minecraft:iron_pickaxe":13,"minecraft:birch_stairs":336,"minecraft:shears":2,"minecraft:cherry_planks":888,"minecraft:stone_shovel":1,"minecraft:stone_brick_wall":2,"minecraft:iron_nugget":216,"minecraft:furnace":5,"minecraft:bone_meal":6,"minecraft:pink_dye":12,"minecraft:lantern":33,"minecraft:iron_axe":7,"minecraft:ladder":24,"minecraft:iron_hoe":1,"minecraft:cherry_stairs":120,"minecraft:stone_pickaxe":1,"minecraft:birch_sign":18,"minecraft:cherry_fence_gate":3,"minecraft:cooked_beef":14,"minecraft:red_dye":2,"minecraft:iron_sword":2,"minecraft:cooked_salmon":14,"minecraft:bucket":1,"minecraft:stone_axe":1,"minecraft:air":0,"minecraft:wooden_axe":1,"minecraft:iron_shovel":8,"minecraft:cherry_door":3,"minecraft:stonecutter":2,"minecraft:white_bed":2,"minecraft:acacia_planks":400,"minecraft:torch":660},"minecraft:used":{"minecraft:cherry_sapling":159,"minecraft:iron_shovel":1913,"minecraft:ladder":12,"minecraft:chest":87,"minecraft:shield":6,"minecraft:stone":1,"minecraft:iron_sword":209,"minecraft:rotten_flesh":2,"minecraft:acacia_sapling":15,"minecraft:tuff":2,"minecraft:glass":236,"minecraft:lantern":48,"minecraft:birch_sapling":1,"minecraft:cherry_button":4,"minecraft:furnace":15,"minecraft:oak_sapling":4,"minecraft:acacia_fence":54,"minecraft:egg":125,"minecraft:diorite":23,"minecraft:stone_pickaxe":133,"minecraft:oak_planks":11,"minecraft:wooden_pickaxe":59,"minecraft:sandstone":2,"minecraft:sand":16,"minecraft:stone_brick_wall":2,"minecraft:shears":237,"minecraft:melon_slice":15,"minecraft:gravel":88,"minecraft:cooked_rabbit":1,"minecraft:andesite":22,"minecraft:pink_stained_glass":20,"minecraft:stripped_cherry_log":73,"minecraft:acacia_log":3,"minecraft:flint_and_steel":29,"minecraft:stone_shovel":152,"minecraft:cooked_salmon":10,"minecraft:stone_hoe":116,"minecraft:cooked_chicken":12,"minecraft:torch":684,"minecraft:dirt":1123,"minecraft:cherry_pressure_plate":5,"minecraft:granite":19,"minecraft:iron_hoe":106,"minecraft:wooden_axe":40,"minecraft:iron_axe":1441,"minecraft:cherry_fence_gate":3,"minecraft:melon_seeds":14,"minecraft:cherry_log":3,"minecraft:cherry_fence":100,"minecraft:cooked_beef":13,"minecraft:cobbled_deepslate":106,"minecraft:acacia_planks":10,"minecraft:wheat_seeds":873,"minecraft:cooked_mutton":22,"minecraft:water_bucket":67,"minecraft:rabbit":1,"minecraft:birch_planks":2,"minecraft:cherry_planks":587,"minecraft:stonecutter":3,"minecraft:salmon":1,"minecraft:crafting_table":15,"minecraft:birch_sign":20,"minecraft:white_bed":2,"minecraft:oak_log":4,"minecraft:cherry_door":5,"minecraft:iron_pickaxe":2285,"minecraft:acacia_fence_gate":1,"minecraft:stone_axe":196,"minecraft:pink_petals":522,"minecraft:chiseled_stone_bricks":66,"minecraft:cobblestone":416,"minecraft:cherry_stairs":166,"minecraft:cooked_porkchop":35,"minecraft:bucket":68,"minecraft:birch_stairs":204},"minecraft:picked_up":{"minecraft:wooden_axe":1,"minecraft:iron_chestplate":1,"minecraft:wheat":530,"minecraft:lead":11,"minecraft:amethyst_block":148,"minecraft:cooked_salmon":2,"minecraft:raw_copper":27,"minecraft:cherry_pressure_plate":5,"minecraft:iron_leggings":2,"minecraft:cobbled_deepslate":447,"minecraft:acacia_fence_gate":2,"minecraft:rose_bush":11,"minecraft:calcite":152,"minecraft:melon_slice":15,"minecraft:iron_boots":1,"minecraft:furnace":10,"minecraft:stick":100,"minecraft:acacia_fence":121,"minecraft:torch":216,"minecraft:acacia_log":101,"minecraft:porkchop":18,"minecraft:cherry_log":343,"minecraft:diorite":54,"minecraft:cactus":15,"minecraft:rotten_flesh":30,"minecraft:cobblestone":920,"minecraft:nautilus_shell":2,"minecraft:birch_log":165,"minecraft:pink_petals":534,"minecraft:feather":19,"minecraft:cherry_planks":20,"minecraft:cherry_leaves":234,"minecraft:water_bucket":1,"minecraft:andesite":43,"minecraft:flint":8,"minecraft:tuff":22,"minecraft:cherry_fence":21,"minecraft:cherry_door":3,"minecraft:lapis_lazuli":20,"minecraft:dirt":1843,"minecraft:lantern":20,"minecraft:bone":46,"minecraft:acacia_planks":2,"minecraft:bow":5,"minecraft:stonecutter":1,"minecraft:wheat_seeds":1628,"minecraft:raw_gold":47,"minecraft:rabbit":2,"minecraft:bamboo":32,"minecraft:stone_hoe":1,"minecraft:sand":295,"minecraft:stripped_acacia_log":4,"minecraft:diamond":6,"minecraft:granite":22,"minecraft:bone_meal":7,"minecraft:oak_sapling":4,"minecraft:crafting_table":11,"minecraft:chicken":12,"minecraft:ladder":8,"minecraft:stripped_cherry_log":95,"minecraft:flint_and_steel":3,"minecraft:beef":14,"minecraft:poppy":4,"minecraft:light_gray_wool":1,"minecraft:sugar_cane":7,"minecraft:chest":45,"minecraft:birch_sapling":2,"minecraft:cherry_button":2,"minecraft:egg":275,"minecraft:raw_iron":146,"minecraft:sandstone":3,"minecraft:cherry_stairs":80,"minecraft:redstone":186,"minecraft:arrow":52,"minecraft:peony":6,"minecraft:mutton":29,"minecraft:white_wool":29,"minecraft:stripped_oak_log":4,"minecraft:glow_ink_sac":8,"minecraft:salmon":28,"minecraft:leather":22,"minecraft:birch_planks":2,"minecraft:oak_log":51,"minecraft:gunpowder":6,"minecraft:cooked_mutton":4,"minecraft:rabbit_hide":3,"minecraft:iron_ingot":6,"minecraft:iron_sword":1,"minecraft:acacia_sapling":19,"minecraft:smooth_basalt":31,"minecraft:pumpkin":49,"minecraft:chiseled_stone_bricks":12,"minecraft:dandelion":2,"minecraft:gravel":125,"minecraft:birch_stairs":136,"minecraft:amethyst_shard":34,"minecraft:iron_helmet":1,"minecraft:cherry_sapling":159,"minecraft:birch_sign":10,"minecraft:gray_wool":1,"minecraft:oak_button":2,"minecraft:acacia_slab":20,"minecraft:melon_seeds":28,"minecraft:pink_dye":1,"minecraft:coal":599},"minecraft:killed":{"minecraft:spider":1,"minecraft:skeleton":21,"minecraft:chicken":15,"minecraft:pig":10,"minecraft:salmon":12,"minecraft:creeper":2,"minecraft:sheep":21,"minecraft:trader_llama":2,"minecraft:zombie":9,"minecraft:cow":7,"minecraft:armadillo":1,"minecraft:drowned":2,"minecraft:rabbit":2,"minecraft:bat":1,"minecraft:wandering_trader":1},"minecraft:custom":{"minecraft:animals_bred":89,"minecraft:interact_with_crafting_table":112,"minecraft:bell_ring":13,"minecraft:leave_game":1,"minecraft:time_since_death":88787,"minecraft:sprint_one_cm":2369845,"minecraft:damage_blocked_by_shield":230,"minecraft:drop":38,"minecraft:talked_to_villager":20,"minecraft:play_time":761719,"minecraft:deaths":5,"minecraft:jump":7165,"minecraft:interact_with_brewingstand":1,"minecraft:walk_on_water_one_cm":91302,"minecraft:interact_with_furnace":191,"minecraft:sleep_in_bed":10,"minecraft:damage_dealt":12119,"minecraft:crouch_one_cm":93910,"minecraft:mob_kills":108,"minecraft:climb_one_cm":34053,"minecraft:walk_one_cm":2545082,"minecraft:sneak_time":32386,"minecraft:walk_under_water_one_cm":42185,"minecraft:total_world_time":763044,"minecraft:interact_with_grindstone":1,"minecraft:interact_with_stonecutter":20,"minecraft:time_since_rest":88830,"minecraft:damage_taken":6090,"minecraft:swim_one_cm":147100,"minecraft:fly_one_cm":842766,"minecraft:open_chest":370,"minecraft:fall_one_cm":136180},"minecraft:dropped":{"minecraft:iron_sword":1,"minecraft:iron_pickaxe":1,"minecraft:cobbled_deepslate":64,"minecraft:birch_sapling":1,"minecraft:rotten_flesh":1,"minecraft:cooked_mutton":1,"minecraft:water_bucket":1,"minecraft:wheat_seeds":18,"minecraft:coal":37,"minecraft:stick":16,"minecraft:gray_wool":1,"minecraft:iron_leggings":1,"minecraft:pumpkin":6,"minecraft:cactus":1,"minecraft:pink_petals":12,"minecraft:raw_iron":6,"minecraft:oak_button":3,"minecraft:sandstone":1}},"DataVersion":3839}