{"stats":{"minecraft:picked_up":{"minecraft:chiseled_deepslate":148,"minecraft:iron_chestplate":16,"minecraft:wheat":1511,"minecraft:redstone_block":96,"minecraft:suspicious_stew":2,"minecraft:lead":5,"minecraft:crimson_planks":108,"minecraft:amethyst_block":193,"minecraft:lapis_block":58,"minecraft:string":306,"minecraft:deepslate_lapis_ore":15,"minecraft:raw_copper":147,"minecraft:iron_leggings":13,"minecraft:shroomlight":51,"minecraft:diamond_leggings":1,"minecraft:deepslate_tiles":64,"minecraft:gold_nugget":26,"minecraft:cobbled_deepslate":919,"minecraft:spruce_planks":53,"minecraft:acacia_fence_gate":1,"minecraft:written_book":22,"minecraft:calcite":685,"minecraft:enchanted_golden_apple":1,"minecraft:melon_slice":721,"minecraft:deepslate_iron_ore":130,"minecraft:iron_boots":21,"minecraft:golden_helmet":2,"minecraft:stick":538,"minecraft:acacia_fence":47,"minecraft:oak_fence":8,"minecraft:torch":1285,"minecraft:acacia_log":647,"minecraft:porkchop":54,"minecraft:cherry_log":41,"minecraft:diorite":612,"minecraft:cactus":3,"minecraft:rotten_flesh":533,"minecraft:armadillo_scute":1,"minecraft:glowstone":108,"minecraft:obsidian":6,"minecraft:cobblestone":2274,"minecraft:nautilus_shell":1,"minecraft:pink_petals":14,"minecraft:magma_block":27,"minecraft:leather_chestplate":1,"minecraft:feather":403,"minecraft:cooked_beef":311,"minecraft:cherry_planks":48,"minecraft:cherry_leaves":213,"minecraft:water_bucket":12,"minecraft:andesite":139,"minecraft:potato":1179,"minecraft:flint":20,"minecraft:tuff":133,"minecraft:cherry_fence":40,"minecraft:lapis_lazuli":93,"minecraft:dirt":2643,"minecraft:lantern":61,"minecraft:name_tag":2,"minecraft:glass":30,"minecraft:bone":256,"minecraft:acacia_planks":32,"minecraft:bow":3,"minecraft:wheat_seeds":3783,"minecraft:deepslate_brick_slab":252,"minecraft:raw_gold":39,"minecraft:grindstone":1,"minecraft:rabbit":2,"minecraft:bamboo":3407,"minecraft:stone_hoe":3,"minecraft:pink_stained_glass":10,"minecraft:warped_wart_block":8,"minecraft:poisonous_potato":9,"minecraft:sand":1786,"minecraft:melon":1,"minecraft:grass_block":9,"minecraft:diamond_block":58,"minecraft:acacia_stairs":1,"minecraft:stripped_acacia_log":1,"minecraft:clay":330,"minecraft:diamond":40,"minecraft:deepslate":107,"minecraft:soul_lantern":1,"minecraft:granite":12,"minecraft:bone_meal":44,"minecraft:golden_apple":2,"minecraft:bread":24,"minecraft:golden_horse_armor":2,"minecraft:emerald":2,"minecraft:oak_sapling":2,"minecraft:cherry_slab":8,"minecraft:netherrack":365,"minecraft:crimson_roots":92,"minecraft:diamond_pickaxe":22,"minecraft:crafting_table":16,"minecraft:chicken":274,"minecraft:clay_ball":440,"minecraft:shield":12,"minecraft:acacia_door":3,"minecraft:white_carpet":4,"minecraft:iron_shovel":6,"minecraft:deepslate_diamond_ore":118,"minecraft:music_disc_otherside":1,"minecraft:beef":406,"minecraft:andesite_stairs":2,"minecraft:iron_nugget":1,"minecraft:poppy":13,"minecraft:sugar_cane":209,"minecraft:chest":42,"minecraft:phantom_membrane":6,"minecraft:egg":1030,"minecraft:raw_iron":243,"minecraft:cherry_stairs":16,"minecraft:stone":149,"minecraft:copper_ingot":17,"minecraft:recovery_compass":2,"minecraft:carrot":1116,"minecraft:redstone":495,"minecraft:cherry_fence_gate":2,"minecraft:weeping_vines":25,"minecraft:arrow":88,"minecraft:peony":26,"minecraft:deepslate_bricks":38,"minecraft:diamond_boots":1,"minecraft:hay_block":12,"minecraft:mutton":195,"minecraft:white_wool":372,"minecraft:lapis_ore":8,"minecraft:crimson_stem":349,"minecraft:glow_ink_sac":16,"minecraft:leather":196,"minecraft:red_mushroom":2,"minecraft:crimson_fungus":21,"minecraft:oak_log":198,"minecraft:cobblestone_wall":9,"minecraft:nether_wart_block":81,"minecraft:gunpowder":313,"minecraft:deepslate_tile_slab":136,"minecraft:paper":40,"minecraft:cooked_mutton":3,"minecraft:coast_armor_trim_smithing_template":4,"minecraft:apple":1,"minecraft:warped_stem":63,"minecraft:rabbit_hide":3,"minecraft:iron_ingot":231,"minecraft:iron_ore":153,"minecraft:glass_bottle":2,"minecraft:soul_sand":1,"minecraft:iron_sword":6,"minecraft:acacia_sapling":31,"minecraft:book":5,"minecraft:scaffolding":299,"minecraft:warped_fungus":2,"minecraft:smooth_basalt":53,"minecraft:nether_quartz_ore":40,"minecraft:pumpkin":37,"minecraft:spyglass":2,"minecraft:quartz":241,"minecraft:dandelion":10,"minecraft:gravel":275,"minecraft:amethyst_shard":34,"minecraft:spruce_sapling":58,"minecraft:white_bed":2,"minecraft:spruce_log":193,"minecraft:spider_eye":21,"minecraft:diamond_shovel":3,"minecraft:coal_ore":523,"minecraft:polished_diorite":42,"minecraft:iron_helmet":3,"minecraft:diamond_axe":12,"minecraft:cherry_sapling":29,"minecraft:birch_sign":3,"minecraft:gray_wool":8,"minecraft:melon_seeds":96,"minecraft:acacia_slab":48,"minecraft:black_wool":1,"minecraft:crimson_nylium":46,"minecraft:coal":40,"minecraft:hopper":7,"minecraft:ender_pearl":3},"minecraft:broken":{"minecraft:iron_shovel":3,"minecraft:iron_boots":1,"minecraft:iron_chestplate":1,"minecraft:diamond_shovel":1,"minecraft:diamond_pickaxe":2,"minecraft:iron_sword":1,"minecraft:stone_hoe":2,"minecraft:diamond_axe":2,"minecraft:iron_pickaxe":3,"minecraft:iron_helmet":1},"minecraft:custom":{"minecraft:animals_bred":733,"minecraft:interact_with_crafting_table":93,"minecraft:bell_ring":24,"minecraft:leave_game":4,"minecraft:time_since_death":287887,"minecraft:sprint_one_cm":3255668,"minecraft:damage_blocked_by_shield":630,"minecraft:drop":179,"minecraft:talked_to_villager":10,"minecraft:play_time":1198511,"minecraft:deaths":16,"minecraft:jump":14726,"minecraft:interact_with_brewingstand":1,"minecraft:walk_on_water_one_cm":81164,"minecraft:enchant_item":6,"minecraft:interact_with_furnace":397,"minecraft:play_record":1,"minecraft:sleep_in_bed":20,"minecraft:damage_dealt":54165,"minecraft:crouch_one_cm":188502,"minecraft:horse_one_cm":1272,"minecraft:mob_kills":674,"minecraft:interact_with_anvil":2,"minecraft:inspect_hopper":3,"minecraft:climb_one_cm":118410,"minecraft:walk_one_cm":4538743,"minecraft:sneak_time":67892,"minecraft:walk_under_water_one_cm":110023,"minecraft:total_world_time":1198511,"minecraft:interact_with_grindstone":2,"minecraft:interact_with_stonecutter":1,"minecraft:time_since_rest":260881,"minecraft:damage_taken":14184,"minecraft:swim_one_cm":175546,"minecraft:fly_one_cm":2258341,"minecraft:open_chest":934,"minecraft:fall_one_cm":308308},"minecraft:killed":{"minecraft:cave_spider":1,"minecraft:witch":1,"minecraft:spider":21,"minecraft:skeleton":35,"minecraft:chicken":256,"minecraft:zombie_villager":1,"minecraft:creeper":5,"minecraft:sheep":119,"minecraft:trader_llama":2,"minecraft:zombie":56,"minecraft:glow_squid":2,"minecraft:cow":145,"minecraft:phantom":4,"minecraft:drowned":2,"minecraft:rabbit":1,"minecraft:wandering_trader":1,"minecraft:hoglin":17,"minecraft:enderman":1},"minecraft:killed_by":{"minecraft:creeper":3,"minecraft:witch":1,"minecraft:zombie":4,"minecraft:hoglin":1,"minecraft:skeleton":3},"minecraft:dropped":{"minecraft:clay":55,"minecraft:porkchop":7,"minecraft:crafting_table":1,"minecraft:weeping_vines":3,"minecraft:leather":8,"minecraft:flint":2,"minecraft:emerald":4,"minecraft:dirt":120,"minecraft:mutton":4,"minecraft:sand":384,"minecraft:gravel":47,"minecraft:sugar_cane":62,"minecraft:spyglass":1,"minecraft:diamond_block":29,"minecraft:iron_nugget":4,"minecraft:cobbled_deepslate":745,"minecraft:wheat":13,"minecraft:grindstone":1,"minecraft:rotten_flesh":25,"minecraft:recovery_compass":13,"minecraft:gunpowder":8,"minecraft:coal_ore":351,"minecraft:acacia_sapling":2,"minecraft:chest":1,"minecraft:iron_ore":76,"minecraft:arrow":2,"minecraft:beef":31,"minecraft:written_book":15,"minecraft:egg":34,"minecraft:stone_hoe":4,"minecraft:bread":16,"minecraft:wheat_seeds":20,"minecraft:golden_helmet":1,"minecraft:deepslate_iron_ore":50,"minecraft:golden_horse_armor":1,"minecraft:deepslate_diamond_ore":13,"minecraft:golden_apple":1,"minecraft:stick":1,"minecraft:gray_wool":1,"minecraft:diorite":6,"minecraft:cherry_planks":1,"minecraft:lapis_ore":4,"minecraft:iron_leggings":1,"minecraft:cactus":4,"minecraft:string":8,"minecraft:spruce_sapling":58,"minecraft:redstone":45,"minecraft:tuff":10,"minecraft:deepslate_lapis_ore":15,"minecraft:suspicious_stew":1,"minecraft:shroomlight":15,"minecraft:diamond_pickaxe":2,"minecraft:andesite":2,"minecraft:spider_eye":1,"minecraft:bamboo":128},"minecraft:used":{"minecraft:cherry_sapling":19,"minecraft:iron_shovel":768,"minecraft:chest":142,"minecraft:shield":15,"minecraft:stone":68,"minecraft:iron_sword":412,"minecraft:rotten_flesh":5,"minecraft:iron_chestplate":1,"minecraft:soul_sand":1,"minecraft:carrot":433,"minecraft:acacia_sapling":1,"minecraft:tuff":46,"minecraft:weeping_vines":15,"minecraft:glass":87,"minecraft:lantern":42,"minecraft:cherry_leaves":21,"minecraft:bow":4,"minecraft:written_book":1,"minecraft:scaffolding":211,"minecraft:furnace":4,"minecraft:oak_sapling":1,"minecraft:acacia_fence":146,"minecraft:egg":461,"minecraft:potato":448,"minecraft:diorite":17,"minecraft:red_stained_glass":93,"minecraft:diamond_axe":3255,"minecraft:sugar_cane":135,"minecraft:pumpkin_seeds":23,"minecraft:acacia_door":4,"minecraft:bread":3,"minecraft:melon_slice":23,"minecraft:gravel":4,"minecraft:soul_lantern":9,"minecraft:golden_helmet":1,"minecraft:nether_wart_block":51,"minecraft:chain":8,"minecraft:cooked_rabbit":1,"minecraft:andesite":3,"minecraft:pink_stained_glass":2,"minecraft:bone_meal":435,"minecraft:music_disc_otherside":1,"minecraft:acacia_log":5,"minecraft:flint_and_steel":2,"minecraft:spruce_planks":366,"minecraft:stone_hoe":547,"minecraft:cooked_chicken":3,"minecraft:netherrack":176,"minecraft:torch":1990,"minecraft:dirt":1786,"minecraft:spyglass":48,"minecraft:wheat":2,"minecraft:white_carpet":13,"minecraft:hopper":9,"minecraft:shroomlight":21,"minecraft:cherry_slab":83,"minecraft:crimson_planks":382,"minecraft:melon_seeds":25,"minecraft:bamboo":231,"minecraft:cooked_beef":129,"minecraft:acacia_planks":5,"minecraft:cobbled_deepslate":99,"minecraft:cherry_log":4,"minecraft:crimson_stem":387,"minecraft:wheat_seeds":2004,"minecraft:cooked_mutton":18,"minecraft:water_bucket":67,"minecraft:cherry_planks":368,"minecraft:crafting_table":9,"minecraft:lime_bed":1,"minecraft:diamond_pickaxe":4291,"minecraft:diamond_shovel":2300,"minecraft:suspicious_stew":1,"minecraft:iron_pickaxe":756,"minecraft:pink_petals":2,"minecraft:chiseled_stone_bricks":3,"minecraft:cobblestone":349,"minecraft:cherry_stairs":19,"minecraft:purple_bed":1,"minecraft:bucket":68},"minecraft:mined":{"minecraft:spruce_planks":54,"minecraft:white_bed":2,"minecraft:attached_melon_stem":7,"minecraft:farmland":68,"minecraft:cherry_log":39,"minecraft:granite":12,"minecraft:budding_amethyst":6,"minecraft:acacia_log":652,"minecraft:grass_block":1497,"minecraft:crimson_fungus":18,"minecraft:hopper":7,"minecraft:tall_seagrass":1,"minecraft:weeping_vines_plant":18,"minecraft:magma_block":7,"minecraft:glowstone":61,"minecraft:fire":2,"minecraft:iron_ore":92,"minecraft:cobbled_deepslate":20,"minecraft:pumpkin":37,"minecraft:deepslate_lapis_ore":25,"minecraft:dirt_path":232,"minecraft:deepslate_redstone_ore":90,"minecraft:melon_stem":56,"minecraft:crimson_nylium":172,"minecraft:soul_fire":2,"minecraft:soul_lantern":1,"minecraft:clay":55,"minecraft:torch":266,"minecraft:calcite":72,"minecraft:poppy":13,"minecraft:melon":101,"minecraft:chest":34,"minecraft:dead_bush":1,"minecraft:glass":56,"minecraft:nether_quartz_ore":41,"minecraft:cobblestone":90,"minecraft:sugar_cane":81,"minecraft:oak_planks":2,"minecraft:wall_torch":85,"minecraft:amethyst_block":79,"minecraft:cherry_slab":6,"minecraft:pink_petals":3,"minecraft:seagrass":3,"minecraft:cherry_fence":40,"minecraft:nether_wart_block":80,"minecraft:wheat":1385,"minecraft:warped_fungus":2,"minecraft:oak_log":132,"minecraft:acacia_fence":44,"minecraft:sand":686,"minecraft:dirt":562,"minecraft:crimson_planks":108,"minecraft:smooth_basalt":11,"minecraft:netherrack":152,"minecraft:oak_leaves":27,"minecraft:deepslate":551,"minecraft:tuff":63,"minecraft:deepslate_diamond_ore":70,"minecraft:red_stained_glass":24,"minecraft:cherry_sapling":9,"minecraft:crimson_roots":45,"minecraft:weeping_vines":5,"minecraft:spruce_leaves":41,"minecraft:acacia_slab":45,"minecraft:crimson_stem":351,"minecraft:large_fern":2,"minecraft:hay_block":12,"minecraft:redstone_ore":1,"minecraft:carrots":302,"minecraft:acacia_stairs":1,"minecraft:andesite":68,"minecraft:peony":14,"minecraft:potatoes":316,"minecraft:shroomlight":32,"minecraft:deepslate_iron_ore":206,"minecraft:vine":1,"minecraft:lantern":4,"minecraft:warped_stem":64,"minecraft:stripped_acacia_log":1,"minecraft:bamboo_sapling":13,"minecraft:bamboo":242,"minecraft:cherry_stairs":16,"minecraft:stone":2273,"minecraft:cherry_fence_gate":2,"minecraft:acacia_leaves":100,"minecraft:scaffolding":59,"minecraft:cherry_planks":45,"minecraft:soul_sand":1,"minecraft:dandelion":7,"minecraft:oak_fence":2,"minecraft:crafting_table":7,"minecraft:short_grass":273,"minecraft:copper_ore":27,"minecraft:tall_grass":40,"minecraft:lapis_ore":4,"minecraft:deepslate_gold_ore":16,"minecraft:diorite":236,"minecraft:warped_wart_block":8,"minecraft:cactus":1,"minecraft:acacia_fence_gate":1,"minecraft:white_carpet":3,"minecraft:spruce_log":195,"minecraft:coal_ore":438,"minecraft:cherry_leaves":28,"minecraft:gravel":102,"minecraft:acacia_door":3,"minecraft:cobweb":33,"minecraft:acacia_planks":32,"minecraft:fern":5},"minecraft:crafted":{"minecraft:oak_planks":76,"minecraft:purple_bed":1,"minecraft:cherry_slab":168,"minecraft:cooked_chicken":265,"minecraft:chain":27,"minecraft:stone":195,"minecraft:diamond_shovel":1,"minecraft:cooked_mutton":184,"minecraft:green_dye":6,"minecraft:glass":242,"minecraft:hopper":4,"minecraft:bow":1,"minecraft:iron_boots":2,"minecraft:chest":130,"minecraft:copper_block":14,"minecraft:acacia_fence":48,"minecraft:stone_hoe":2,"minecraft:cooked_rabbit":1,"minecraft:cooked_porkchop":47,"minecraft:diamond_axe":3,"minecraft:spruce_planks":688,"minecraft:baked_potato":737,"minecraft:copper_ingot":115,"minecraft:hay_block":74,"minecraft:pumpkin_seeds":24,"minecraft:lime_bed":1,"minecraft:iron_chestplate":2,"minecraft:diamond_pickaxe":3,"minecraft:charcoal":770,"minecraft:yellow_dye":6,"minecraft:purple_dye":2,"minecraft:shield":1,"minecraft:stick":472,"minecraft:iron_ingot":213,"minecraft:iron_pickaxe":2,"minecraft:acacia_door":6,"minecraft:cherry_planks":432,"minecraft:iron_nugget":864,"minecraft:spyglass":2,"minecraft:soul_torch":8,"minecraft:furnace":8,"minecraft:bone_meal":465,"minecraft:white_carpet":9,"minecraft:flint_and_steel":1,"minecraft:scaffolding":192,"minecraft:lantern":64,"minecraft:diamond":27,"minecraft:cherry_stairs":32,"minecraft:lime_dye":2,"minecraft:redstone_block":24,"minecraft:golden_helmet":2,"minecraft:wheat":405,"minecraft:cooked_beef":370,"minecraft:red_dye":15,"minecraft:crimson_planks":528,"minecraft:iron_sword":2,"minecraft:bucket":1,"minecraft:air":0,"minecraft:blue_dye":1,"minecraft:soul_lantern":8,"minecraft:red_stained_glass":128,"minecraft:white_dye":1,"minecraft:iron_shovel":3,"minecraft:iron_leggings":1,"minecraft:acacia_planks":616,"minecraft:torch":1640,"minecraft:lapis_lazuli":45,"minecraft:clay":55,"minecraft:lapis_block":45}},"DataVersion":3839}