{"stats":{"minecraft:mined":{"minecraft:tuff":9,"minecraft:deepslate_diamond_ore":14,"minecraft:obsidian":15,"minecraft:granite":3,"minecraft:acacia_log":42,"minecraft:grass_block":134,"minecraft:composter":6,"minecraft:furnace":2,"minecraft:iron_ore":73,"minecraft:fire":10,"minecraft:andesite":2,"minecraft:dirt_path":13,"minecraft:water_cauldron":2,"minecraft:deepslate_iron_ore":15,"minecraft:rail":108,"minecraft:stone":275,"minecraft:deepslate_redstone_ore":2,"minecraft:acacia_leaves":3,"minecraft:melon_stem":2,"minecraft:crafting_table":3,"minecraft:torch":5,"minecraft:short_grass":168,"minecraft:poppy":1,"minecraft:melon":1,"minecraft:tall_grass":1,"minecraft:copper_ore":11,"minecraft:cobblestone":1,"minecraft:deepslate_gold_ore":23,"minecraft:sugar_cane":4,"minecraft:wall_torch":2,"minecraft:wheat":37,"minecraft:coal_ore":95,"minecraft:oak_log":5,"minecraft:acacia_fence":7,"minecraft:gravel":26,"minecraft:dirt":31,"minecraft:stone_bricks":2,"minecraft:deepslate":6},"minecraft:killed_by":{"minecraft:creeper":1,"minecraft:skeleton":1},"minecraft:broken":{"minecraft:stone_sword":1,"minecraft:stone_pickaxe":3,"minecraft:stone_shovel":1},"minecraft:crafted":{"minecraft:oak_planks":20,"minecraft:stone_shovel":1,"minecraft:furnace":3,"minecraft:stone":105,"minecraft:pink_dye":2,"minecraft:iron_boots":2,"minecraft:ladder":108,"minecraft:stone_pickaxe":4,"minecraft:chest":1,"minecraft:rail":32,"minecraft:stone_hoe":2,"minecraft:stone_bricks":29,"minecraft:minecart":1,"minecraft:red_dye":1,"minecraft:crafting_table":1,"minecraft:acacia_slab":18,"minecraft:wooden_pickaxe":1,"minecraft:iron_helmet":2,"minecraft:cooked_salmon":21,"minecraft:bucket":1,"minecraft:stone_axe":1,"minecraft:bread":7,"minecraft:acacia_boat":1,"minecraft:air":0,"minecraft:iron_chestplate":2,"minecraft:diamond_pickaxe":1,"minecraft:shield":1,"minecraft:white_dye":1,"minecraft:stick":304,"minecraft:iron_ingot":43,"minecraft:stone_sword":2,"minecraft:iron_shovel":1,"minecraft:iron_leggings":1,"minecraft:stonecutter":1,"minecraft:composter":2,"minecraft:acacia_planks":168,"minecraft:torch":80},"minecraft:used":{"minecraft:stone_sword":220,"minecraft:iron_shovel":46,"minecraft:flint_and_steel":3,"minecraft:stone_shovel":145,"minecraft:ladder":93,"minecraft:chest":1,"minecraft:shield":4,"minecraft:rotten_flesh":3,"minecraft:cooked_salmon":25,"minecraft:stone_hoe":112,"minecraft:torch":88,"minecraft:dirt":195,"minecraft:stone_bricks":83,"minecraft:furnace":5,"minecraft:acacia_fence":1,"minecraft:minecart":8,"minecraft:wheat_seeds":75,"minecraft:water_bucket":21,"minecraft:acacia_boat":4,"minecraft:stone_pickaxe":402,"minecraft:wooden_pickaxe":31,"minecraft:composter":8,"minecraft:stonecutter":1,"minecraft:rail":109,"minecraft:crafting_table":3,"minecraft:diamond_pickaxe":34,"minecraft:apple":1,"minecraft:chicken":2,"minecraft:bread":11,"minecraft:iron_pickaxe":221,"minecraft:golden_leggings":2,"minecraft:stone_axe":67,"minecraft:cobblestone":35,"minecraft:bucket":21},"minecraft:picked_up":{"minecraft:crafting_table":2,"minecraft:wheat":30,"minecraft:chicken":3,"minecraft:wooden_pickaxe":1,"minecraft:string":5,"minecraft:raw_copper":44,"minecraft:flint_and_steel":1,"minecraft:iron_leggings":1,"minecraft:cobbled_deepslate":6,"minecraft:iron_nugget":49,"minecraft:poppy":1,"minecraft:iron_pickaxe":1,"minecraft:light_gray_wool":1,"minecraft:minecart":8,"minecraft:melon_slice":4,"minecraft:sugar_cane":14,"minecraft:furnace":2,"minecraft:stick":1,"minecraft:raw_iron":88,"minecraft:acacia_fence":7,"minecraft:composter":6,"minecraft:torch":9,"minecraft:acacia_log":42,"minecraft:porkchop":17,"minecraft:redstone":8,"minecraft:cauldron":2,"minecraft:arrow":8,"minecraft:stone_sword":1,"minecraft:rotten_flesh":21,"minecraft:obsidian":15,"minecraft:mutton":14,"minecraft:rail":109,"minecraft:white_wool":7,"minecraft:cobblestone":283,"minecraft:feather":3,"minecraft:salmon":35,"minecraft:andesite":3,"minecraft:golden_leggings":1,"minecraft:tuff":8,"minecraft:oak_log":5,"minecraft:gunpowder":3,"minecraft:acacia_boat":4,"minecraft:dirt":212,"minecraft:bone":10,"minecraft:stone_bricks":2,"minecraft:acacia_planks":5,"minecraft:apple":1,"minecraft:bow":1,"minecraft:wheat_seeds":120,"minecraft:raw_gold":23,"minecraft:stone_pickaxe":1,"minecraft:pumpkin":7,"minecraft:gravel":37,"minecraft:sand":1,"minecraft:grass_block":1,"minecraft:spider_eye":2,"minecraft:diamond":14,"minecraft:stone_axe":1,"minecraft:granite":3,"minecraft:bone_meal":2,"minecraft:melon_seeds":2,"minecraft:black_wool":1,"minecraft:coal":151,"minecraft:ender_pearl":2},"minecraft:killed":{"minecraft:armadillo":1,"minecraft:spider":4,"minecraft:skeleton":8,"minecraft:chicken":3,"minecraft:pig":8,"minecraft:salmon":35,"minecraft:creeper":2,"minecraft:sheep":9,"minecraft:zombie":15,"minecraft:enderman":2},"minecraft:custom":{"minecraft:mob_kills":88,"minecraft:animals_bred":4,"minecraft:interact_with_crafting_table":27,"minecraft:bell_ring":15,"minecraft:leave_game":1,"minecraft:time_since_death":65873,"minecraft:climb_one_cm":27850,"minecraft:sprint_one_cm":354188,"minecraft:walk_one_cm":340594,"minecraft:damage_blocked_by_shield":136,"minecraft:drop":38,"minecraft:talked_to_villager":58,"minecraft:play_time":142234,"minecraft:deaths":4,"minecraft:sneak_time":6460,"minecraft:walk_under_water_one_cm":27620,"minecraft:boat_one_cm":13419,"minecraft:jump":3951,"minecraft:walk_on_water_one_cm":18284,"minecraft:total_world_time":142234,"minecraft:interact_with_furnace":57,"minecraft:interact_with_stonecutter":7,"minecraft:interact_with_grindstone":1,"minecraft:sleep_in_bed":8,"minecraft:time_since_rest":15469,"minecraft:damage_taken":3305,"minecraft:damage_dealt":8807,"minecraft:swim_one_cm":65058,"minecraft:fly_one_cm":794294,"minecraft:open_chest":21,"minecraft:crouch_one_cm":18159,"minecraft:fall_one_cm":121331},"minecraft:dropped":{"minecraft:stone_hoe":1,"minecraft:wheat_seeds":38,"minecraft:iron_helmet":1,"minecraft:dirt":2,"minecraft:melon_slice":4,"minecraft:cooked_salmon":2,"minecraft:iron_leggings":2,"minecraft:pumpkin":5,"minecraft:cauldron":2,"minecraft:pink_dye":2,"minecraft:rotten_flesh":6,"minecraft:iron_boots":1,"minecraft:salmon":16,"minecraft:flint_and_steel":1,"minecraft:iron_chestplate":1,"minecraft:andesite":2,"minecraft:melon_seeds":2,"minecraft:spider_eye":2,"minecraft:bow":1,"minecraft:stone_pickaxe":1,"minecraft:wooden_pickaxe":1}},"DataVersion":3839}