{"stats":{"minecraft:custom":{"minecraft:animals_bred":77,"minecraft:interact_with_crafting_table":100,"minecraft:open_barrel":6,"minecraft:leave_game":22,"minecraft:time_since_death":6337,"minecraft:sprint_one_cm":2208451,"minecraft:damage_blocked_by_shield":2331,"minecraft:drop":255,"minecraft:talked_to_villager":200,"minecraft:play_time":1630835,"minecraft:deaths":16,"minecraft:jump":21135,"minecraft:walk_on_water_one_cm":135334,"minecraft:enchant_item":9,"minecraft:interact_with_furnace":175,"minecraft:play_record":2,"minecraft:traded_with_villager":248,"minecraft:sleep_in_bed":51,"minecraft:damage_dealt":43252,"minecraft:crouch_one_cm":414582,"minecraft:inspect_dispenser":16,"minecraft:horse_one_cm":1170,"minecraft:interact_with_smithing_table":3,"minecraft:interact_with_anvil":4,"minecraft:mob_kills":253,"minecraft:inspect_hopper":26,"minecraft:climb_one_cm":148636,"minecraft:walk_one_cm":2575759,"minecraft:sneak_time":101398,"minecraft:walk_under_water_one_cm":74580,"minecraft:boat_one_cm":317368,"minecraft:interact_with_blast_furnace":1,"minecraft:total_world_time":1630835,"minecraft:interact_with_grindstone":2,"minecraft:interact_with_stonecutter":31,"minecraft:time_since_rest":6361,"minecraft:damage_taken":12599,"minecraft:swim_one_cm":175250,"minecraft:fly_one_cm":4959685,"minecraft:open_chest":1083,"minecraft:aviate_one_cm":164081,"minecraft:fall_one_cm":579306},"minecraft:used":{"minecraft:chiseled_deepslate":1,"minecraft:dispenser":13,"minecraft:ladder":60,"minecraft:chest":23,"minecraft:shield":54,"minecraft:stone":68,"minecraft:iron_sword":283,"minecraft:soul_sand":7,"minecraft:deepslate_tile_slab":2,"minecraft:carrot":181,"minecraft:deepslate_brick_slab":2532,"minecraft:acacia_sapling":2,"minecraft:tuff":15,"minecraft:obsidian":41,"minecraft:milk_bucket":1,"minecraft:glass":145,"minecraft:coal_ore":374,"minecraft:lantern":6,"minecraft:cherry_button":1,"minecraft:deepslate_diamond_ore":47,"minecraft:birch_trapdoor":6,"minecraft:repeater":22,"minecraft:redstone_lamp":12,"minecraft:magma_block":2,"minecraft:bow":1,"minecraft:written_book":2,"minecraft:scaffolding":215,"minecraft:oak_sapling":1,"minecraft:gold_block":1,"minecraft:egg":16,"minecraft:potato":1,"minecraft:diorite":48,"minecraft:powered_rail":1,"minecraft:composter":3,"minecraft:sugar_cane":23,"minecraft:diamond_axe":1574,"minecraft:white_wool":1,"minecraft:blast_furnace":1,"minecraft:deepslate_lapis_ore":15,"minecraft:deepslate_tiles":4,"minecraft:redstone_torch":1,"minecraft:lever":12,"minecraft:firework_rocket":7,"minecraft:string":2,"minecraft:deepslate_iron_ore":66,"minecraft:bread":89,"minecraft:lectern":15,"minecraft:deepslate":1,"minecraft:gravel":4,"minecraft:nether_wart_block":2,"minecraft:grindstone":1,"minecraft:smithing_table":1,"minecraft:andesite":8,"minecraft:stripped_cherry_log":2,"minecraft:bone_meal":53,"minecraft:cherry_boat":5,"minecraft:music_disc_otherside":2,"minecraft:acacia_log":57,"minecraft:enchanting_table":1,"minecraft:flint_and_steel":10,"minecraft:redstone":4,"minecraft:stone_hoe":54,"minecraft:cooked_chicken":11,"minecraft:netherrack":152,"minecraft:torch":293,"minecraft:brewing_stand":3,"minecraft:spyglass":19,"minecraft:dirt":2808,"minecraft:anvil":1,"minecraft:white_carpet":5,"minecraft:hopper":56,"minecraft:nether_quartz_ore":40,"minecraft:cobblestone_wall":10,"minecraft:stone_stairs":33,"minecraft:polished_diorite":32,"minecraft:bookshelf":27,"minecraft:iron_axe":413,"minecraft:cherry_slab":51,"minecraft:acacia_slab":94,"minecraft:cherry_fence_gate":11,"minecraft:crimson_planks":1,"minecraft:barrel":2,"minecraft:bamboo":15,"minecraft:diamond_chestplate":1,"minecraft:goat_horn":2,"minecraft:podzol":12,"minecraft:minecart":13,"minecraft:cherry_log":14,"minecraft:cooked_beef":30,"minecraft:cobbled_deepslate":211,"minecraft:acacia_planks":84,"minecraft:observer":16,"minecraft:calcite":84,"minecraft:wheat_seeds":65,"minecraft:cooked_mutton":36,"minecraft:acacia_boat":11,"minecraft:water_bucket":145,"minecraft:iron_ore":69,"minecraft:cobblestone_stairs":3,"minecraft:baked_potato":64,"minecraft:cherry_planks":10,"minecraft:stonecutter":6,"minecraft:deepslate_bricks":799,"minecraft:rail":340,"minecraft:comparator":1,"minecraft:crafting_table":6,"minecraft:white_bed":5,"minecraft:acacia_stairs":40,"minecraft:diamond_pickaxe":9877,"minecraft:diamond_shovel":7657,"minecraft:cherry_door":5,"minecraft:lapis_ore":4,"minecraft:stone_slab":6,"minecraft:spruce_trapdoor":19,"minecraft:spruce_sapling":38,"minecraft:chiseled_stone_bricks":1,"minecraft:pink_petals":11,"minecraft:cobblestone":89,"minecraft:cherry_stairs":56,"minecraft:white_banner":1,"minecraft:cooked_porkchop":21,"minecraft:andesite_stairs":9,"minecraft:bucket":155,"minecraft:kelp":36,"minecraft:birch_stairs":2,"minecraft:jukebox":3},"minecraft:killed":{"minecraft:cave_spider":7,"minecraft:witch":2,"minecraft:spider":25,"minecraft:skeleton":58,"minecraft:chicken":3,"minecraft:magma_cube":1,"minecraft:piglin":2,"minecraft:parrot":1,"minecraft:creeper":16,"minecraft:sheep":3,"minecraft:pillager":4,"minecraft:zombie":69,"minecraft:blaze":1,"minecraft:cow":42,"minecraft:slime":4,"minecraft:phantom":2,"minecraft:hoglin":2,"minecraft:wither_skeleton":2,"minecraft:enderman":3},"minecraft:mined":{"minecraft:spruce_planks":4,"minecraft:white_bed":2,"minecraft:andesite_stairs":3,"minecraft:cherry_log":3,"minecraft:jungle_leaves":2,"minecraft:brewing_stand":7,"minecraft:obsidian":57,"minecraft:spruce_trapdoor":10,"minecraft:granite":1,"minecraft:acacia_log":326,"minecraft:grass_block":3501,"minecraft:deepslate_bricks":119,"minecraft:polished_diorite":10,"minecraft:composter":2,"minecraft:hopper":5,"minecraft:acacia_pressure_plate":1,"minecraft:spawner":2,"minecraft:smooth_stone":1,"minecraft:raw_iron_block":3,"minecraft:magma_block":8,"minecraft:iron_ore":129,"minecraft:barrel":1,"minecraft:cobbled_deepslate":38,"minecraft:fire":1,"minecraft:deepslate_lapis_ore":55,"minecraft:dirt_path":26,"minecraft:tripwire":2,"minecraft:orange_bed":1,"minecraft:deepslate_redstone_ore":187,"minecraft:kelp_plant":9,"minecraft:twisting_vines_plant":1,"minecraft:crimson_nylium":17,"minecraft:soul_fire":1,"minecraft:deepslate_tile_slab":1,"minecraft:torch":12,"minecraft:calcite":474,"minecraft:chest":9,"minecraft:dead_bush":1,"minecraft:glass":15,"minecraft:nether_quartz_ore":185,"minecraft:cobblestone":31,"minecraft:oak_planks":11,"minecraft:sugar_cane":178,"minecraft:grindstone":1,"minecraft:wall_torch":20,"minecraft:cherry_slab":1,"minecraft:deepslate_copper_ore":1,"minecraft:stone_stairs":9,"minecraft:warped_nylium":3,"minecraft:acacia_sapling":2,"minecraft:nether_wart_block":6,"minecraft:birch_log":7,"minecraft:wheat":72,"minecraft:birch_trapdoor":4,"minecraft:brown_wall_banner":2,"minecraft:jukebox":2,"minecraft:warped_fungus":1,"minecraft:cherry_door":3,"minecraft:oak_log":111,"minecraft:acacia_fence":116,"minecraft:sand":151,"minecraft:dirt":3908,"minecraft:crimson_planks":1,"minecraft:dispenser":2,"minecraft:stonecutter":5,"minecraft:netherrack":609,"minecraft:oak_leaves":14,"minecraft:deepslate":2155,"minecraft:redstone_lamp":2,"minecraft:yellow_terracotta":76,"minecraft:deepslate_tiles":4,"minecraft:tuff":44,"minecraft:deepslate_diamond_ore":225,"minecraft:stripped_cherry_log":1,"minecraft:nether_bricks":41,"minecraft:crimson_roots":2,"minecraft:redstone_wire":1,"minecraft:acacia_slab":135,"minecraft:kelp":9,"minecraft:sandstone":4,"minecraft:crimson_stem":4,"minecraft:hay_block":9,"minecraft:deepslate_brick_slab":65,"minecraft:carrots":131,"minecraft:acacia_wood":59,"minecraft:acacia_stairs":235,"minecraft:andesite":7,"minecraft:chiseled_deepslate":1,"minecraft:gold_block":2,"minecraft:bookshelf":1,"minecraft:potatoes":1,"minecraft:deepslate_iron_ore":352,"minecraft:rail":258,"minecraft:stripped_acacia_log":1,"minecraft:bamboo":19,"minecraft:cherry_stairs":15,"minecraft:stone":3409,"minecraft:cherry_fence_gate":3,"minecraft:white_wool":1,"minecraft:podzol":19,"minecraft:birch_stairs":3,"minecraft:acacia_leaves":30,"minecraft:scaffolding":33,"minecraft:glass_pane":16,"minecraft:cherry_planks":45,"minecraft:soul_sand":9,"minecraft:observer":5,"minecraft:crafting_table":3,"minecraft:short_grass":288,"minecraft:emerald_ore":1,"minecraft:lectern":12,"minecraft:copper_ore":22,"minecraft:tall_grass":22,"minecraft:deepslate_coal_ore":6,"minecraft:lapis_ore":15,"minecraft:deepslate_gold_ore":24,"minecraft:diorite":278,"minecraft:cactus":1,"minecraft:red_terracotta":6,"minecraft:cobblestone_wall":1,"minecraft:acacia_fence_gate":1,"minecraft:white_carpet":3,"minecraft:spruce_log":101,"minecraft:coal_ore":592,"minecraft:acacia_door":4,"minecraft:gravel":73,"minecraft:acacia_planks":170,"minecraft:stone_bricks":81,"minecraft:fern":1},"minecraft:killed_by":{"minecraft:zombie_villager":1,"minecraft:creeper":2,"minecraft:zombie":2,"minecraft:skeleton":1},"minecraft:crafted":{"minecraft:smooth_stone":256,"minecraft:oak_planks":416,"minecraft:barrel":1,"minecraft:cherry_slab":30,"minecraft:cooked_chicken":11,"minecraft:stone":256,"minecraft:lever":15,"minecraft:diamond_shovel":3,"minecraft:bookshelf":33,"minecraft:cooked_mutton":1,"minecraft:glass":175,"minecraft:hopper":51,"minecraft:repeater":22,"minecraft:bow":10,"minecraft:diamond_leggings":2,"minecraft:iron_boots":10,"minecraft:comparator":1,"minecraft:chest":57,"minecraft:rail":96,"minecraft:stone_hoe":2,"minecraft:redstone_lamp":14,"minecraft:emerald":192,"minecraft:cooked_porkchop":6,"minecraft:diamond_axe":2,"minecraft:crafting_table":4,"minecraft:spruce_planks":100,"minecraft:acacia_slab":18,"minecraft:iron_helmet":2,"minecraft:smithing_table":1,"minecraft:birch_planks":28,"minecraft:dispenser":11,"minecraft:spruce_trapdoor":12,"minecraft:lectern":3,"minecraft:iron_chestplate":1,"minecraft:book":102,"minecraft:paper":408,"minecraft:diamond_pickaxe":3,"minecraft:charcoal":49,"minecraft:stick":448,"minecraft:stone_slab":6,"minecraft:iron_ingot":553,"minecraft:iron_block":3,"minecraft:gold_ingot":68,"minecraft:redstone_torch":56,"minecraft:composter":1,"minecraft:deepslate_bricks":1,"minecraft:cherry_planks":240,"minecraft:redstone":198,"minecraft:raw_iron":27,"minecraft:jukebox":1,"minecraft:furnace":1,"minecraft:blast_furnace":1,"minecraft:bone_meal":177,"minecraft:white_carpet":3,"minecraft:diamond_block":29,"minecraft:stone_stairs":11,"minecraft:scaffolding":138,"minecraft:lantern":8,"minecraft:polished_diorite":64,"minecraft:iron_axe":1,"minecraft:ladder":105,"minecraft:spruce_slab":24,"minecraft:stone_pickaxe":10,"minecraft:cobblestone_wall":18,"minecraft:diamond_boots":5,"minecraft:redstone_block":130,"minecraft:dark_oak_planks":8,"minecraft:golden_helmet":2,"minecraft:observer":11,"minecraft:minecart":4,"minecraft:cherry_fence_gate":6,"minecraft:wheat":198,"minecraft:cooked_beef":50,"minecraft:crimson_planks":4,"minecraft:enchanting_table":1,"minecraft:bucket":12,"minecraft:air":0,"minecraft:acacia_boat":2,"minecraft:bread":69,"minecraft:chainmail_boots":28,"minecraft:birch_trapdoor":2,"minecraft:iron_leggings":1,"minecraft:stonecutter":1,"minecraft:anvil":1,"minecraft:white_bed":3,"minecraft:acacia_planks":320,"minecraft:torch":228,"minecraft:firework_rocket":192,"minecraft:lapis_lazuli":9,"minecraft:lapis_block":25,"minecraft:diamond_chestplate":1},"minecraft:picked_up":{"minecraft:chiseled_deepslate":1,"minecraft:iron_chestplate":5,"minecraft:wheat":84,"minecraft:redstone_block":62,"minecraft:acacia_pressure_plate":1,"minecraft:enchanted_book":1,"minecraft:crimson_planks":1,"minecraft:brewing_stand":7,"minecraft:amethyst_block":99,"minecraft:string":115,"minecraft:raw_copper":109,"minecraft:deepslate_lapis_ore":15,"minecraft:iron_leggings":4,"minecraft:cherry_boat":5,"minecraft:deepslate_tiles":4,"minecraft:gold_nugget":26,"minecraft:cobbled_deepslate":3181,"minecraft:bucket":1,"minecraft:spruce_planks":6,"minecraft:acacia_fence_gate":1,"minecraft:redstone_torch":9,"minecraft:written_book":7,"minecraft:calcite":473,"minecraft:deepslate_iron_ore":50,"minecraft:iron_boots":5,"minecraft:golden_helmet":2,"minecraft:stick":12,"minecraft:acacia_fence":114,"minecraft:jukebox":2,"minecraft:composter":2,"minecraft:birch_trapdoor":4,"minecraft:torch":280,"minecraft:acacia_log":324,"minecraft:porkchop":6,"minecraft:cherry_log":4,"minecraft:diorite":287,"minecraft:cactus":5,"minecraft:rotten_flesh":145,"minecraft:bookshelf":6,"minecraft:blaze_rod":1,"minecraft:obsidian":57,"minecraft:cobblestone":3406,"minecraft:birch_log":7,"minecraft:pink_petals":11,"minecraft:magma_block":7,"minecraft:feather":5,"minecraft:cooked_beef":7,"minecraft:cherry_planks":80,"minecraft:water_bucket":1,"minecraft:andesite":7,"minecraft:potato":7,"minecraft:flint":15,"minecraft:tuff":56,"minecraft:acacia_boat":9,"minecraft:cherry_door":5,"minecraft:lapis_lazuli":825,"minecraft:dirt":7522,"minecraft:lantern":1,"minecraft:name_tag":1,"minecraft:bone":147,"minecraft:acacia_planks":170,"minecraft:bow":4,"minecraft:stonecutter":5,"minecraft:wheat_seeds":314,"minecraft:deepslate_brick_slab":93,"minecraft:raw_gold":48,"minecraft:grindstone":2,"minecraft:bamboo":150,"minecraft:oak_planks":14,"minecraft:cooked_porkchop":4,"minecraft:sand":508,"minecraft:grass_block":2,"minecraft:acacia_stairs":232,"minecraft:red_terracotta":6,"minecraft:barrel":1,"minecraft:stripped_acacia_log":1,"minecraft:dispenser":2,"minecraft:diamond":359,"minecraft:deepslate":2,"minecraft:lever":1,"minecraft:crossbow":1,"minecraft:granite":2,"minecraft:emerald":27,"minecraft:golden_apple":2,"minecraft:golden_horse_armor":1,"minecraft:bread":81,"minecraft:oak_sapling":9,"minecraft:cherry_slab":1,"minecraft:netherrack":611,"minecraft:crimson_roots":5,"minecraft:diamond_pickaxe":8,"minecraft:crafting_table":5,"minecraft:chicken":2,"minecraft:ladder":1,"minecraft:redstone_lamp":2,"minecraft:gold_block":2,"minecraft:stripped_cherry_log":3,"minecraft:shield":3,"minecraft:stone_stairs":9,"minecraft:iron_axe":5,"minecraft:acacia_door":4,"minecraft:white_carpet":3,"minecraft:iron_shovel":2,"minecraft:deepslate_diamond_ore":13,"minecraft:music_disc_otherside":1,"minecraft:beef":94,"minecraft:andesite_stairs":3,"minecraft:observer":16,"minecraft:minecart":17,"minecraft:lectern":12,"minecraft:sugar_cane":416,"minecraft:chest":14,"minecraft:cherry_button":2,"minecraft:spruce_trapdoor":10,"minecraft:phantom_membrane":1,"minecraft:egg":19,"minecraft:raw_iron":638,"minecraft:sandstone":4,"minecraft:stone":154,"minecraft:cherry_stairs":16,"minecraft:fire_charge":1,"minecraft:carrot":626,"minecraft:redstone":1022,"minecraft:cherry_fence_gate":3,"minecraft:arrow":147,"minecraft:nether_bricks":33,"minecraft:deepslate_bricks":109,"minecraft:hay_block":9,"minecraft:yellow_terracotta":76,"minecraft:gold_ingot":59,"minecraft:mutton":9,"minecraft:rail":258,"minecraft:white_wool":4,"minecraft:lapis_ore":4,"minecraft:glow_ink_sac":10,"minecraft:crimson_stem":3,"minecraft:leather":50,"minecraft:acacia_wood":59,"minecraft:oak_log":111,"minecraft:cobblestone_wall":1,"minecraft:nether_wart_block":4,"minecraft:gunpowder":122,"minecraft:deepslate_tile_slab":2,"minecraft:white_banner":1,"minecraft:cooked_mutton":26,"minecraft:podzol":19,"minecraft:apple":3,"minecraft:stone_bricks":81,"minecraft:kelp":72,"minecraft:iron_ingot":33,"minecraft:iron_ore":76,"minecraft:glass_bottle":2,"minecraft:iron_sword":3,"minecraft:acacia_sapling":6,"minecraft:soul_sand":9,"minecraft:book":3,"minecraft:scaffolding":58,"minecraft:chiseled_stone_bricks":1,"minecraft:quartz":216,"minecraft:raw_iron_block":3,"minecraft:gravel":58,"minecraft:birch_stairs":3,"minecraft:spruce_sapling":38,"minecraft:white_bed":2,"minecraft:spruce_log":157,"minecraft:spider_eye":16,"minecraft:diamond_shovel":2,"minecraft:coal_ore":356,"minecraft:slime_ball":2,"minecraft:polished_diorite":10,"minecraft:iron_helmet":4,"minecraft:diamond_axe":1,"minecraft:gray_wool":1,"minecraft:brown_banner":10,"minecraft:acacia_slab":145,"minecraft:coal":1015,"minecraft:hopper":5,"minecraft:ender_pearl":1},"minecraft:broken":{"minecraft:golden_helmet":2,"minecraft:iron_boots":1,"minecraft:iron_leggings":1,"minecraft:iron_sword":1,"minecraft:diamond_axe":1,"minecraft:iron_axe":2},"minecraft:dropped":{"minecraft:crimson_stem":2,"minecraft:iron_sword":1,"minecraft:diamond":11,"minecraft:lantern":1,"minecraft:brown_banner":10,"minecraft:emerald":1,"minecraft:dirt":136,"minecraft:crimson_roots":3,"minecraft:coast_armor_trim_smithing_template":2,"minecraft:acacia_fence_gate":1,"minecraft:sand":13,"minecraft:acacia_door":2,"minecraft:bone":4,"minecraft:sugar_cane":4,"minecraft:wheat":3,"minecraft:deepslate_brick_slab":1,"minecraft:rotten_flesh":7,"minecraft:diamond_shovel":3,"minecraft:acacia_stairs":57,"minecraft:recovery_compass":2,"minecraft:carrot":1024,"minecraft:leather_chestplate":1,"minecraft:gunpowder":1,"minecraft:coal_ore":2,"minecraft:acacia_slab":105,"minecraft:acacia_sapling":2,"minecraft:ladder":46,"minecraft:chainmail_boots":28,"minecraft:arrow":2,"minecraft:glass":30,"minecraft:written_book":14,"minecraft:acacia_fence":111,"minecraft:acacia_pressure_plate":1,"minecraft:netherrack":446,"minecraft:enchanted_book":1,"minecraft:bread":16,"minecraft:wheat_seeds":125,"minecraft:bookshelf":6,"minecraft:diamond_leggings":1,"minecraft:yellow_terracotta":38,"minecraft:iron_helmet":5,"minecraft:feather":5,"minecraft:acacia_log":8,"minecraft:stick":21,"minecraft:gray_wool":1,"minecraft:diorite":1,"minecraft:torch":271,"minecraft:cherry_planks":3,"minecraft:iron_leggings":2,"minecraft:iron_axe":1,"minecraft:iron_shovel":1,"minecraft:string":4,"minecraft:acacia_planks":19,"minecraft:tuff":7,"minecraft:chicken":2,"minecraft:white_carpet":1,"minecraft:iron_boots":13,"minecraft:nether_bricks":33,"minecraft:red_terracotta":6,"minecraft:suspicious_stew":1,"minecraft:shield":1,"minecraft:spruce_trapdoor":3,"minecraft:spruce_planks":2,"minecraft:diamond_pickaxe":5,"minecraft:iron_chestplate":3,"minecraft:andesite":4,"minecraft:spider_eye":2,"minecraft:spruce_log":57,"minecraft:diamond_boots":1,"minecraft:sandstone":4,"minecraft:bow":2,"minecraft:stone_pickaxe":10}},"DataVersion":3839}